"Date","Price","Open","High","Low","Vol.","Change %"
"Apr 22","4,457.30","4,547.90","4,593.90","4,369.63","-","-1.61%"
"Mar 22","4,530.41","4,358.08","4,637.90","4,157.20","-","3.58%"
"Feb 22","4,373.79","4,521.35","4,595.10","4,114.50","-","-3.14%"
"Jan 22","4,515.55","4,781.00","4,817.88","4,221.54","-","-5.26%"
"Dec 21","4,766.18","4,623.80","4,808.52","4,494.20","-","4.36%"
"Nov 21","4,567.00","4,616.47","4,743.74","4,560.26","-","-0.83%"
"Oct 21","4,605.38","4,324.71","4,608.70","4,278.70","-","6.91%"
"Sep 21","4,307.54","4,531.04","4,544.58","4,304.90","-","-4.76%"
"Aug 21","4,522.68","4,415.90","4,537.80","4,369.20","-","2.90%"
"Jul 21","4,395.26","4,304.10","4,430.20","4,232.80","-","2.27%"
"Jun 21","4,297.50","4,216.52","4,302.43","4,164.40","-","2.22%"
"May 21","4,204.11","4,191.98","4,238.04","4,056.88","-","0.55%"
"Apr 21","4,181.17","3,992.78","4,218.78","3,992.78","-","5.24%"
"Mar 21","3,972.89","3,842.51","3,994.41","3,723.34","-","4.24%"
"Feb 21","3,811.15","3,731.17","3,950.43","3,725.62","-","2.61%"
"Jan 21","3,714.24","3,764.61","3,870.90","3,662.71","-","-1.11%"
"Dec 20","3,756.07","3,645.87","3,760.20","3,633.40","-","3.71%"
"Nov 20","3,621.63","3,296.20","3,645.99","3,279.74","-","10.75%"
"Oct 20","3,269.96","3,385.87","3,549.85","3,233.94","-","-2.77%"
"Sep 20","3,363.00","3,507.44","3,588.11","3,209.45","-","-3.92%"
"Aug 20","3,500.31","3,288.26","3,514.77","3,284.53","-","7.01%"
"Jul 20","3,271.12","3,105.92","3,279.99","3,101.17","-","5.51%"
"Jun 20","3,100.29","3,038.78","3,233.13","2,965.66","-","1.84%"
"May 20","3,044.31","2,869.09","3,068.67","2,766.64","-","4.53%"
"Apr 20","2,912.43","2,498.08","2,954.86","2,447.49","-","12.68%"
"Mar 20","2,584.59","2,974.28","3,136.72","2,191.86","-","-12.51%"
"Feb 20","2,954.22","3,235.66","3,393.52","2,855.84","-","-8.41%"
"Jan 20","3,225.52","3,244.67","3,337.77","3,214.64","-","-0.16%"
"Dec 19","3,230.78","3,143.85","3,247.93","3,070.33","-","2.86%"
"Nov 19","3,140.98","3,050.72","3,154.26","3,050.72","-","3.40%"
"Oct 19","3,037.56","2,983.69","3,050.10","2,855.94","-","2.04%"
"Sep 19","2,976.74","2,909.01","3,021.99","2,891.85","-","1.72%"
"Aug 19","2,926.46","2,980.32","3,013.59","2,822.12","-","-1.81%"
"Jul 19","2,980.38","2,971.41","3,027.98","2,952.22","-","1.31%"
"Jun 19","2,941.76","2,751.53","2,964.15","2,728.81","-","6.89%"
"May 19","2,752.06","2,952.33","2,954.13","2,750.52","-","-6.58%"
"Apr 19","2,945.83","2,848.63","2,949.52","2,848.63","-","3.93%"
"Mar 19","2,834.40","2,798.22","2,860.31","2,722.27","-","1.79%"
"Feb 19","2,784.49","2,702.32","2,813.49","2,681.83","-","2.97%"
"Jan 19","2,704.10","2,476.96","2,708.95","2,443.96","-","7.87%"
"Dec 18","2,506.85","2,790.50","2,800.18","2,346.58","-","-9.18%"
"Nov 18","2,760.17","2,717.58","2,815.15","2,631.09","-","1.79%"
"Oct 18","2,711.74","2,926.29","2,939.86","2,603.54","-","-6.94%"
"Sep 18","2,913.98","2,896.96","2,940.91","2,864.12","-","0.43%"
"Aug 18","2,901.52","2,821.17","2,916.50","2,796.34","-","3.03%"
"Jul 18","2,816.29","2,704.95","2,848.03","2,698.95","-","3.60%"
"Jun 18","2,718.37","2,718.70","2,791.47","2,691.99","-","0.48%"
"May 18","2,705.27","2,643.64","2,742.24","2,594.62","-","2.16%"
"Apr 18","2,648.05","2,633.45","2,717.49","2,553.80","-","0.27%"
"Mar 18","2,640.87","2,715.22","2,801.90","2,585.89","-","-2.69%"
"Feb 18","2,713.83","2,816.45","2,835.96","2,532.69","-","-3.89%"
"Jan 18","2,823.81","2,683.73","2,872.87","2,682.36","-","5.62%"
"Dec 17","2,673.61","2,645.10","2,694.97","2,605.52","-","0.98%"
"Nov 17","2,647.58","2,583.21","2,657.74","2,557.45","-","2.81%"
"Oct 17","2,575.26","2,521.20","2,582.98","2,520.40","-","2.22%"
"Sep 17","2,519.36","2,474.42","2,519.44","2,446.55","-","1.93%"
"Aug 17","2,471.65","2,477.10","2,490.87","2,417.35","-","0.05%"
"Jul 17","2,470.30","2,431.39","2,484.04","2,407.70","-","1.93%"
"Jun 17","2,423.41","2,415.65","2,453.82","2,405.70","-","0.48%"
"May 17","2,411.80","2,388.50","2,418.71","2,352.72","-","1.16%"
"Apr 17","2,384.20","2,362.34","2,398.16","2,328.95","-","0.91%"
"Mar 17","2,362.72","2,380.13","2,400.98","2,322.25","-","-0.04%"
"Feb 17","2,363.64","2,285.59","2,371.54","2,271.65","-","3.72%"
"Jan 17","2,278.87","2,251.57","2,300.99","2,245.13","-","1.79%"
"Dec 16","2,238.83","2,200.17","2,277.53","2,187.44","-","1.82%"
"Nov 16","2,198.81","2,128.68","2,214.10","2,083.79","-","3.42%"
"Oct 16","2,126.15","2,164.33","2,169.60","2,114.72","-","-1.94%"
"Sep 16","2,168.27","2,171.33","2,187.87","2,119.12","-","-0.12%"
"Aug 16","2,170.95","2,173.15","2,193.81","2,147.58","-","-0.12%"
"Jul 16","2,173.60","2,099.34","2,177.09","2,074.02","-","3.56%"
"Jun 16","2,098.86","2,093.94","2,120.55","1,991.68","-","0.09%"
"May 16","2,096.96","2,067.17","2,103.48","2,025.91","-","1.53%"
"Apr 16","2,065.30","2,056.62","2,111.05","2,033.80","-","0.27%"
"Mar 16","2,059.74","1,937.09","2,072.21","1,937.09","-","6.60%"
"Feb 16","1,932.23","1,936.94","1,962.96","1,810.10","-","-0.41%"
"Jan 16","1,940.24","2,038.20","2,038.20","1,812.29","-","-5.07%"
"Dec 15","2,043.94","2,082.93","2,104.27","1,993.26","-","-1.75%"
"Nov 15","2,080.41","2,080.76","2,116.48","2,019.39","-","0.05%"
"Oct 15","2,079.36","1,919.65","2,094.32","1,893.70","-","8.30%"
"Sep 15","1,920.03","1,970.09","2,020.86","1,871.91","-","-2.64%"
"Aug 15","1,972.18","2,104.49","2,112.66","1,867.01","-","-6.26%"
"Jul 15","2,103.84","2,067.00","2,132.82","2,044.02","-","1.97%"
"Jun 15","2,063.11","2,108.64","2,129.87","2,056.32","-","-2.10%"
"May 15","2,107.39","2,087.38","2,134.72","2,067.93","-","1.05%"
"Apr 15","2,085.51","2,067.63","2,125.92","2,048.38","-","0.85%"
"Mar 15","2,067.89","2,105.23","2,117.52","2,039.69","-","-1.74%"
"Feb 15","2,104.50","1,996.67","2,119.59","1,980.90","-","5.49%"
"Jan 15","1,994.99","2,058.90","2,072.36","1,988.12","-","-3.10%"
"Dec 14","2,058.90","2,065.78","2,093.55","1,972.56","-","-0.42%"
"Nov 14","2,067.56","2,018.21","2,075.76","2,001.01","-","2.45%"
"Oct 14","2,018.05","1,971.44","2,018.19","1,820.66","-","2.32%"
"Sep 14","1,972.29","2,004.07","2,019.26","1,964.04","-","-1.55%"
"Aug 14","2,003.37","1,929.80","2,005.04","1,904.78","-","3.77%"
"Jul 14","1,930.67","1,962.29","1,991.39","1,930.67","-","-1.51%"
"Jun 14","1,960.23","1,923.87","1,968.17","1,915.98","-","1.91%"
"May 14","1,923.57","1,884.39","1,924.03","1,859.79","-","2.10%"
"Apr 14","1,883.95","1,873.96","1,897.28","1,814.36","-","0.62%"
"Mar 14","1,872.34","1,857.68","1,883.97","1,834.44","-","0.69%"
"Feb 14","1,859.45","1,782.68","1,867.92","1,737.92","-","4.31%"
"Jan 14","1,782.59","1,845.86","1,850.84","1,770.45","-","-3.56%"
"Dec 13","1,848.36","1,806.55","1,849.44","1,767.99","-","2.36%"
"Nov 13","1,805.81","1,758.70","1,813.55","1,746.20","-","2.80%"
"Oct 13","1,756.54","1,682.41","1,775.22","1,646.47","-","4.46%"
"Sep 13","1,681.55","1,635.95","1,729.86","1,633.41","-","2.97%"
"Aug 13","1,632.97","1,689.42","1,709.67","1,627.47","-","-3.13%"
"Jul 13","1,685.73","1,609.78","1,698.78","1,604.57","-","4.95%"
"Jun 13","1,606.28","1,631.71","1,654.19","1,560.33","-","-1.50%"
"May 13","1,630.74","1,597.55","1,687.18","1,581.28","-","2.08%"
"Apr 13","1,597.57","1,569.18","1,597.57","1,536.03","-","1.81%"
"Mar 13","1,569.19","1,514.68","1,570.28","1,501.48","-","3.60%"
"Feb 13","1,514.68","1,498.11","1,530.94","1,485.01","-","1.11%"
"Jan 13","1,498.11","1,426.19","1,509.94","1,426.19","-","5.04%"
"Dec 12","1,426.19","1,416.34","1,448.00","1,398.11","-","0.71%"
"Nov 12","1,416.18","1,412.20","1,434.27","1,343.35","-","0.28%"
"Oct 12","1,412.16","1,440.90","1,470.96","1,403.28","-","-1.98%"
"Sep 12","1,440.67","1,406.54","1,474.51","1,396.56","-","2.42%"
"Aug 12","1,406.58","1,379.32","1,426.68","1,354.65","-","1.98%"
"Jul 12","1,379.32","1,362.33","1,391.74","1,325.41","-","1.26%"
"Jun 12","1,362.16","1,309.87","1,363.46","1,266.74","-","3.96%"
"May 12","1,310.33","1,397.86","1,415.32","1,291.98","-","-6.27%"
"Apr 12","1,397.91","1,408.47","1,422.38","1,357.38","-","-0.75%"
"Mar 12","1,408.47","1,365.90","1,419.15","1,340.03","-","3.13%"
"Feb 12","1,365.68","1,312.45","1,378.04","1,312.45","-","4.06%"
"Jan 12","1,312.41","1,258.86","1,333.47","1,258.86","-","4.36%"
"Dec 11","1,257.60","1,246.91","1,269.37","1,202.37","-","0.85%"
"Nov 11","1,246.96","1,251.00","1,277.55","1,158.66","-","-0.51%"
"Oct 11","1,253.30","1,131.21","1,292.66","1,074.77","-","10.77%"
"Sep 11","1,131.42","1,219.12","1,229.29","1,114.22","-","-7.18%"
"Aug 11","1,218.89","1,292.59","1,307.38","1,101.54","-","-5.68%"
"Jul 11","1,292.28","1,320.64","1,356.48","1,282.86","-","-2.15%"
"Jun 11","1,320.64","1,345.20","1,345.20","1,258.07","-","-1.83%"
"May 11","1,345.20","1,365.21","1,370.58","1,311.80","-","-1.35%"
"Apr 11","1,363.61","1,329.48","1,364.56","1,294.70","-","2.85%"
"Mar 11","1,325.83","1,328.64","1,332.28","1,249.05","-","-0.10%"
"Feb 11","1,327.22","1,289.14","1,344.07","1,289.14","-","3.20%"
"Jan 11","1,286.12","1,257.62","1,302.67","1,257.62","-","2.26%"
"Dec 10","1,257.64","1,186.60","1,262.60","1,186.60","-","6.53%"
"Nov 10","1,180.55","1,185.71","1,227.08","1,173.00","-","-0.23%"
"Oct 10","1,183.26","1,143.49","1,196.14","1,131.87","-","3.69%"
"Sep 10","1,141.20","1,049.72","1,157.16","1,049.72","-","8.76%"
"Aug 10","1,049.33","1,107.53","1,129.24","1,039.70","-","-4.74%"
"Jul 10","1,101.60","1,031.10","1,120.95","1,010.91","-","6.88%"
"Jun 10","1,030.71","1,087.30","1,131.23","1,028.33","-","-5.39%"
"May 10","1,089.41","1,188.58","1,205.13","1,040.78","-","-8.20%"
"Apr 10","1,186.69","1,171.23","1,219.80","1,170.69","-","1.48%"
"Mar 10","1,169.43","1,105.36","1,180.69","1,105.36","-","5.88%"
"Feb 10","1,104.49","1,073.89","1,112.42","1,044.50","-","2.85%"
"Jan 10","1,073.87","1,116.56","1,150.45","1,071.59","-","-3.70%"
"Dec 09","1,115.10","1,098.89","1,130.38","1,085.89","-","1.78%"
"Nov 09","1,095.63","1,036.18","1,113.69","1,029.38","-","5.74%"
"Oct 09","1,036.19","1,054.91","1,101.36","1,019.95","-","-1.98%"
"Sep 09","1,057.08","1,019.52","1,080.15","991.97","-","3.57%"
"Aug 09","1,020.62","990.22","1,039.47","978.51","-","3.36%"
"Jul 09","987.48","920.82","996.68","869.32","-","7.41%"
"Jun 09","919.32","923.26","956.23","888.86","-","0.02%"
"May 09","919.14","872.74","930.17","866.10","-","5.31%"
"Apr 09","872.81","793.59","888.70","783.32","-","9.39%"
"Mar 09","797.87","729.57","832.98","666.79","-","8.54%"
"Feb 09","735.09","823.09","875.01","734.52","-","-10.99%"
"Jan 09","825.88","902.99","943.85","804.30","-","-8.57%"
"Dec 08","903.25","888.61","918.85","815.69","-","0.78%"
"Nov 08","896.24","968.67","1,007.51","741.02","-","-7.48%"
"Oct 08","968.75","1,164.17","1,167.03","839.80","-","-16.94%"
"Sep 08","1,166.36","1,287.83","1,303.04","1,106.39","-","-9.08%"
"Aug 08","1,282.83","1,269.42","1,313.15","1,247.45","-","1.22%"
"Jul 08","1,267.38","1,276.69","1,292.17","1,200.44","-","-0.99%"
"Jun 08","1,280.00","1,399.62","1,404.05","1,272.00","-","-8.60%"
"May 08","1,400.38","1,385.97","1,440.24","1,373.07","-","1.07%"
"Apr 08","1,385.59","1,326.41","1,404.57","1,324.35","-","4.75%"
"Mar 08","1,322.70","1,330.45","1,359.68","1,256.98","-","-0.60%"
"Feb 08","1,330.63","1,378.60","1,396.02","1,316.75","-","-3.48%"
"Jan 08","1,378.55","1,467.97","1,471.77","1,270.05","-","-6.12%"
"Dec 07","1,468.36","1,479.63","1,523.57","1,435.65","-","-0.86%"
"Nov 07","1,481.14","1,545.79","1,545.79","1,406.10","-","-4.40%"
"Oct 07","1,549.38","1,527.29","1,576.09","1,489.56","-","1.48%"
"Sep 07","1,526.75","1,473.96","1,538.74","1,439.29","-","3.58%"
"Aug 07","1,473.99","1,455.18","1,503.89","1,370.60","-","1.29%"
"Jul 07","1,455.27","1,504.66","1,555.90","1,454.25","-","-3.20%"
"Jun 07","1,503.35","1,530.62","1,540.56","1,484.18","-","-1.78%"
"May 07","1,530.62","1,482.37","1,535.56","1,476.70","-","3.25%"
"Apr 07","1,482.37","1,420.83","1,498.02","1,416.37","-","4.33%"
"Mar 07","1,420.86","1,406.80","1,438.89","1,363.98","-","1.00%"
"Feb 07","1,406.82","1,437.90","1,461.57","1,389.42","-","-2.18%"
"Jan 07","1,438.24","1,418.03","1,441.61","1,403.97","-","1.41%"
"Dec 06","1,418.30","1,400.63","1,431.81","1,385.93","-","1.26%"
"Nov 06","1,400.63","1,377.76","1,407.89","1,360.98","-","1.65%"
"Oct 06","1,377.94","1,335.82","1,389.45","1,327.10","-","3.15%"
"Sep 06","1,335.85","1,303.80","1,340.28","1,290.93","-","2.46%"
"Aug 06","1,303.82","1,278.53","1,306.74","1,261.30","-","2.13%"
"Jul 06","1,276.66","1,270.06","1,280.42","1,224.54","-","0.51%"
"Jun 06","1,270.20","1,270.05","1,290.68","1,219.29","-","0.01%"
"May 06","1,270.09","1,310.61","1,326.70","1,245.34","-","-3.09%"
"Apr 06","1,310.61","1,302.88","1,318.16","1,280.74","-","1.22%"
"Mar 06","1,294.83","1,280.66","1,310.88","1,268.42","-","1.11%"
"Feb 06","1,280.66","1,280.08","1,297.57","1,253.61","-","0.05%"
"Jan 06","1,280.08","1,248.29","1,294.90","1,245.74","-","2.55%"
"Dec 05","1,248.29","1,249.48","1,275.80","1,246.59","-","-0.10%"
"Nov 05","1,249.48","1,207.01","1,270.64","1,201.07","-","3.52%"
"Oct 05","1,207.01","1,228.81","1,233.34","1,168.20","-","-1.77%"
"Sep 05","1,228.81","1,220.33","1,243.13","1,205.35","-","0.69%"
"Aug 05","1,220.33","1,234.18","1,245.86","1,201.07","-","-1.12%"
"Jul 05","1,234.18","1,191.33","1,245.15","1,183.55","-","3.60%"
"Jun 05","1,191.33","1,191.50","1,219.59","1,188.30","-","-0.01%"
"May 05","1,191.50","1,156.85","1,199.56","1,146.18","-","3.00%"
"Apr 05","1,156.85","1,180.59","1,191.88","1,136.15","-","-2.01%"
"Mar 05","1,180.59","1,203.60","1,229.11","1,163.69","-","-1.91%"
"Feb 05","1,203.60","1,181.27","1,212.44","1,180.95","-","1.89%"
"Jan 05","1,181.27","1,211.92","1,217.90","1,163.75","-","-2.53%"
"Dec 04","1,211.92","1,173.78","1,217.33","1,173.76","-","3.25%"
"Nov 04","1,173.82","1,130.20","1,188.46","1,127.53","-","3.86%"
"Oct 04","1,130.20","1,114.58","1,142.05","1,090.19","-","1.40%"
"Sep 04","1,114.58","1,104.24","1,131.54","1,099.11","-","0.94%"
"Aug 04","1,104.24","1,101.72","1,109.68","1,060.72","-","0.23%"
"Jul 04","1,101.72","1,140.84","1,140.84","1,078.78","-","-3.43%"
"Jun 04","1,140.84","1,120.68","1,146.34","1,113.32","-","1.80%"
"May 04","1,120.68","1,107.30","1,127.74","1,076.32","-","1.21%"
"Apr 04","1,107.30","1,126.21","1,150.57","1,107.23","-","-1.68%"
"Mar 04","1,126.21","1,144.94","1,163.23","1,087.06","-","-1.64%"
"Feb 04","1,144.94","1,131.13","1,158.98","1,124.44","-","1.22%"
"Jan 04","1,131.13","1,111.92","1,155.38","1,105.08","-","1.73%"
"Dec 03","1,111.92","1,058.20","1,112.56","1,053.41","-","5.08%"
"Nov 03","1,058.20","1,050.71","1,063.65","1,031.20","-","0.71%"
"Oct 03","1,050.71","995.97","1,053.79","995.97","-","5.50%"
"Sep 03","995.97","1,008.01","1,040.29","990.36","-","-1.19%"
"Aug 03","1,008.01","990.31","1,011.01","960.84","-","1.48%"
"Jul 03","993.32","974.50","1,015.41","962.10","-","1.93%"
"Jun 03","974.50","963.59","1,015.33","963.59","-","1.13%"
"May 03","963.59","916.92","965.38","902.83","-","5.09%"
"Apr 03","916.92","848.18","924.24","847.85","-","8.10%"
"Mar 03","848.18","841.15","895.90","788.90","-","0.84%"
"Feb 03","841.15","855.70","864.64","806.29","-","-1.70%"
"Jan 03","855.70","879.82","935.05","840.34","-","-2.74%"
"Dec 02","879.82","936.31","954.28","869.45","-","-6.03%"
"Nov 02","936.31","885.76","941.82","872.05","-","5.71%"
"Oct 02","885.76","815.28","907.44","768.63","-","8.64%"
"Sep 02","815.28","916.07","924.02","800.20","-","-11.00%"
"Aug 02","916.07","911.62","965.00","833.44","-","0.49%"
"Jul 02","911.62","989.82","994.46","775.68","-","-7.90%"
"Jun 02","989.82","1,067.14","1,070.74","952.92","-","-7.25%"
"May 02","1,067.14","1,076.92","1,106.59","1,048.96","-","-0.91%"
"Apr 02","1,076.92","1,147.39","1,147.84","1,063.46","-","-6.14%"
"Mar 02","1,147.39","1,106.73","1,173.94","1,106.73","-","3.67%"
"Feb 02","1,106.73","1,130.20","1,130.20","1,074.36","-","-2.08%"
"Jan 02","1,130.20","1,148.08","1,176.97","1,081.66","-","-1.56%"
"Dec 01","1,148.08","1,139.45","1,173.62","1,114.53","-","0.76%"
"Nov 01","1,139.45","1,059.78","1,163.38","1,054.31","-","7.52%"
"Oct 01","1,059.78","1,040.94","1,110.61","1,026.76","-","1.81%"
"Sep 01","1,040.94","1,133.58","1,155.40","944.75","-","-8.17%"
"Aug 01","1,133.58","1,211.23","1,226.27","1,124.87","-","-6.41%"
"Jul 01","1,211.23","1,224.42","1,239.78","1,165.54","-","-1.07%"
"Jun 01","1,224.38","1,255.82","1,286.62","1,203.03","-","-2.50%"
"May 01","1,255.82","1,249.46","1,315.93","1,232.00","-","0.51%"
"Apr 01","1,249.46","1,160.33","1,269.30","1,091.99","-","7.68%"
"Mar 01","1,160.33","1,239.94","1,267.42","1,081.19","-","-6.42%"
"Feb 01","1,239.94","1,366.01","1,376.38","1,215.44","-","-9.23%"
"Jan 01","1,366.01","1,320.28","1,383.37","1,274.62","-","3.46%"
"Dec 00","1,320.28","1,314.95","1,389.05","1,254.07","-","0.41%"
"Nov 00","1,314.95","1,429.40","1,438.46","1,294.90","-","-8.01%"
"Oct 00","1,429.40","1,436.52","1,454.82","1,305.79","-","-0.49%"
"Sep 00","1,436.51","1,517.68","1,530.09","1,419.44","-","-5.35%"
"Aug 00","1,517.68","1,430.83","1,525.21","1,425.43","-","6.07%"
"Jul 00","1,430.83","1,454.60","1,517.32","1,413.89","-","-1.63%"
"Jun 00","1,454.60","1,420.60","1,488.93","1,420.60","-","2.39%"
"May 00","1,420.60","1,452.43","1,481.51","1,361.09","-","-2.19%"
"Apr 00","1,452.43","1,498.58","1,527.19","1,339.40","-","-3.08%"
"Mar 00","1,498.58","1,366.42","1,552.87","1,346.62","-","9.67%"
"Feb 00","1,366.42","1,394.46","1,444.55","1,325.07","-","-2.01%"
"Jan 00","1,394.46","1,469.25","1,478.00","1,350.14","-","-5.09%"
"Dec 99","1,469.25","1,388.91","1,473.10","1,387.38","-","5.78%"
"Nov 99","1,388.91","1,362.93","1,425.31","1,346.41","-","1.91%"
"Oct 99","1,362.93","1,282.71","1,373.17","1,233.70","-","6.25%"
"Sep 99","1,282.71","1,320.41","1,361.39","1,256.26","-","-2.86%"
"Aug 99","1,320.41","1,328.72","1,382.84","1,267.73","-","-0.63%"
"Jul 99","1,328.72","1,372.71","1,420.33","1,328.49","-","-3.20%"
"Jun 99","1,372.71","1,301.84","1,372.93","1,277.47","-","5.44%"
"May 99","1,301.84","1,335.18","1,375.98","1,277.31","-","-2.50%"
"Apr 99","1,335.18","1,286.37","1,371.56","1,282.56","-","3.79%"
"Mar 99","1,286.37","1,238.33","1,323.82","1,216.03","-","3.88%"
"Feb 99","1,238.33","1,279.64","1,283.84","1,211.89","-","-3.23%"
"Jan 99","1,279.64","1,229.23","1,280.37","1,205.46","-","4.10%"
"Dec 98","1,229.23","1,163.63","1,244.93","1,136.89","-","5.64%"
"Nov 98","1,163.63","1,098.67","1,192.97","1,098.67","-","5.91%"
"Oct 98","1,098.67","1,017.01","1,103.78","923.32","-","8.03%"
"Sep 98","1,017.01","957.28","1,066.11","939.98","-","6.24%"
"Aug 98","957.28","1,120.67","1,121.79","957.28","-","-14.58%"
"Jul 98","1,120.67","1,133.84","1,190.58","1,114.30","-","-1.16%"
"Jun 98","1,133.84","1,090.82","1,145.15","1,074.67","-","3.94%"
"May 98","1,090.82","1,111.75","1,130.52","1,074.39","-","-1.88%"
"Apr 98","1,111.75","1,101.75","1,132.98","1,076.70","-","0.91%"
"Mar 98","1,101.75","1,049.34","1,113.07","1,030.87","-","4.99%"
"Feb 98","1,049.34","980.28","1,051.66","980.28","-","7.04%"
"Jan 98","980.28","970.43","992.65","912.83","-","1.02%"
"Dec 97","970.43","955.40","986.25","924.92","-","1.57%"
"Nov 97","955.40","914.62","964.55","900.61","-","4.46%"
"Oct 97","914.62","947.28","983.12","855.27","-","-3.45%"
"Sep 97","947.28","899.47","960.59","899.47","-","5.32%"
"Aug 97","899.47","954.29","964.17","893.34","-","-5.75%"
"Jul 97","954.31","885.14","957.73","884.54","-","7.81%"
"Jun 97","885.14","848.28","902.09","838.82","-","4.35%"
"May 97","848.28","801.34","851.87","793.21","-","5.86%"
"Apr 97","801.34","757.12","804.13","733.54","-","5.84%"
"Mar 97","757.12","790.82","814.90","756.13","-","-4.26%"
"Feb 97","790.82","786.16","817.68","773.43","-","0.59%"
"Jan 97","786.16","740.74","794.67","729.55","-","6.13%"
"Dec 96","740.74","757.02","761.75","716.69","-","-2.15%"
"Nov 96","757.02","705.27","762.12","701.30","-","7.34%"
"Oct 96","705.27","687.31","714.10","684.44","-","2.61%"
"Sep 96","687.33","651.99","690.88","643.97","-","5.42%"
"Aug 96","651.99","639.95","670.68","639.49","-","1.88%"
"Jul 96","639.95","670.63","675.88","605.88","-","-4.57%"
"Jun 96","670.63","669.12","680.32","658.75","-","0.23%"
"May 96","669.12","654.17","681.10","630.07","-","2.29%"
"Apr 96","654.17","645.50","656.68","624.14","-","1.34%"
"Mar 96","645.50","640.43","656.97","627.63","-","0.79%"
"Feb 96","640.43","636.02","664.23","633.71","-","0.69%"
"Jan 96","636.02","615.93","636.18","597.29","-","3.26%"
"Dec 95","615.93","605.37","622.88","605.05","-","1.74%"
"Nov 95","605.37","581.50","608.69","581.04","-","4.10%"
"Oct 95","581.50","584.41","590.66","571.55","-","-0.50%"
"Sep 95","584.41","561.88","587.61","561.01","-","4.01%"
"Aug 95","561.88","562.06","565.62","553.04","-","-0.03%"
"Jul 95","562.06","544.75","565.40","542.51","-","3.18%"
"Jun 95","544.75","533.40","551.07","526.00","-","2.13%"
"May 95","533.40","514.76","533.41","513.03","-","3.63%"
"Apr 95","514.71","500.70","515.29","500.20","-","2.80%"
"Mar 95","500.71","487.39","508.15","479.70","-","2.73%"
"Feb 95","487.39","470.42","489.19","469.29","-","3.61%"
"Jan 95","470.42","459.21","471.36","457.20","-","2.43%"
"Dec 94","459.27","453.55","462.73","442.88","-","1.23%"
"Nov 94","453.69","472.26","472.26","444.18","-","-3.95%"
"Oct 94","472.35","462.69","474.74","449.27","-","2.08%"
"Sep 94","462.71","475.49","475.49","458.47","-","-2.69%"
"Aug 94","475.49","458.28","477.59","456.08","-","3.76%"
"Jul 94","458.26","444.27","459.33","443.58","-","3.15%"
"Jun 94","444.27","456.50","463.23","439.83","-","-2.68%"
"May 94","456.50","450.91","457.77","440.78","-","1.24%"
"Apr 94","450.91","445.66","452.79","435.86","-","1.15%"
"Mar 94","445.77","467.19","471.09","436.16","-","-4.57%"
"Feb 94","467.14","481.60","482.23","464.26","-","-3.00%"
"Jan 94","481.61","466.51","482.85","464.36","-","3.25%"
"Dec 93","466.45","461.93","471.29","461.45","-","1.01%"
"Nov 93","461.79","467.83","469.11","454.36","-","-1.29%"
"Oct 93","467.83","458.93","471.10","456.40","-","1.94%"
"Sep 93","458.93","463.55","463.80","449.64","-","-1.00%"
"Aug 93","463.56","448.13","463.56","446.94","-","3.44%"
"Jul 93","448.13","450.54","451.15","441.40","-","-0.53%"
"Jun 93","450.53","450.23","455.63","442.50","-","0.08%"
"May 93","450.19","440.19","454.55","436.86","-","2.27%"
"Apr 93","440.19","451.67","452.63","432.30","-","-2.54%"
"Mar 93","451.67","443.38","456.76","441.07","-","1.87%"
"Feb 93","443.38","438.78","450.04","428.25","-","1.05%"
"Jan 93","438.78","435.70","442.66","426.88","-","0.70%"
"Dec 92","435.71","431.35","442.65","428.61","-","1.01%"
"Nov 92","431.35","418.66","431.93","415.58","-","3.03%"
"Oct 92","418.68","417.80","421.16","396.80","-","0.21%"
"Sep 92","417.80","414.03","425.27","412.71","-","0.91%"
"Aug 92","414.03","424.19","425.14","408.30","-","-2.40%"
"Jul 92","424.21","408.20","424.80","407.20","-","3.94%"
"Jun 92","408.14","415.35","417.30","399.92","-","-1.74%"
"May 92","415.35","414.95","418.75","409.85","-","0.10%"
"Apr 92","414.95","403.67","416.28","392.41","-","2.79%"
"Mar 92","403.69","412.68","413.78","401.94","-","-2.18%"
"Feb 92","412.70","408.79","418.08","406.34","-","0.96%"
"Jan 92","408.78","417.03","421.18","408.64","-","-1.99%"
"Dec 91","417.09","375.11","418.32","371.36","-","11.16%"
"Nov 91","375.22","392.46","398.22","371.63","-","-4.39%"
"Oct 91","392.45","387.86","393.81","376.11","-","1.18%"
"Sep 91","387.86","395.43","397.62","382.77","-","-1.91%"
"Aug 91","395.43","387.81","396.82","374.09","-","1.96%"
"Jul 91","387.81","371.18","387.81","370.92","-","4.49%"
"Jun 91","371.16","389.81","389.81","367.98","-","-4.79%"
"May 91","389.83","375.35","389.85","365.83","-","3.86%"
"Apr 91","375.34","375.22","391.26","370.27","-","0.03%"
"Mar 91","375.22","367.07","379.66","363.73","-","2.22%"
"Feb 91","367.07","343.91","370.96","340.37","-","6.73%"
"Jan 91","343.93","330.20","343.93","309.35","-","4.15%"
"Dec 90","330.22","322.23","333.98","321.97","-","2.48%"
"Nov 90","322.22","303.99","323.02","301.61","-","5.99%"
"Oct 90","304.00","306.10","319.69","294.51","-","-0.67%"
"Sep 90","306.05","322.56","326.53","295.98","-","-5.12%"
"Aug 90","322.56","356.15","357.35","306.18","-","-9.43%"
"Jul 90","356.15","358.02","369.78","350.09","-","-0.52%"
"Jun 90","358.02","361.26","368.78","351.23","-","-0.89%"
"May 90","361.23","330.80","362.26","330.80","-","9.20%"
"Apr 90","330.80","339.94","347.30","327.76","-","-2.69%"
"Mar 90","339.94","331.89","344.49","331.08","-","2.43%"
"Feb 90","331.89","329.08","336.09","322.10","-","0.85%"
"Jan 90","329.08","353.40","360.59","319.83","-","-6.88%"
"Dec 89","353.40","346.01","354.10","339.63","-","2.14%"
"Nov 89","345.99","340.36","346.50","330.91","-","1.65%"
"Oct 89","340.36","349.15","360.44","327.12","-","-2.52%"
"Sep 89","349.15","351.45","354.13","341.37","-","-0.65%"
"Aug 89","351.45","346.08","352.73","339.00","-","1.55%"
"Jul 89","346.08","317.98","346.08","317.26","-","8.84%"
"Jun 89","317.98","320.51","329.19","314.38","-","-0.79%"
"May 89","320.52","309.64","323.06","304.06","-","3.51%"
"Apr 89","309.64","294.87","310.45","294.35","-","5.01%"
"Mar 89","294.87","288.86","299.99","286.46","-","2.08%"
"Feb 89","288.86","297.47","300.57","286.26","-","-2.89%"
"Jan 89","297.47","277.72","297.51","273.81","-","7.11%"
"Dec 88","277.72","273.68","280.45","270.47","-","1.47%"
"Nov 88","273.70","278.97","280.37","262.85","-","-1.89%"
"Oct 88","278.97","271.89","283.95","268.84","-","2.60%"
"Sep 88","271.91","261.52","274.87","256.98","-","3.97%"
"Aug 88","261.52","272.03","274.20","256.53","-","-3.86%"
"Jul 88","272.02","273.50","276.36","262.48","-","-0.54%"
"Jun 88","273.50","262.16","276.88","262.10","-","4.33%"
"May 88","262.16","261.36","263.70","248.85","-","0.32%"
"Apr 88","261.33","258.89","272.05","254.71","-","0.94%"
"Mar 88","258.89","267.82","272.64","256.07","-","-3.33%"
"Feb 88","267.82","257.05","267.82","247.82","-","4.18%"
"Jan 88","257.07","247.10","261.78","240.17","-","4.04%"
"Dec 87","247.08","230.32","253.35","221.24","-","7.29%"
"Nov 87","230.30","251.73","257.21","225.75","-","-8.53%"
"Oct 87","251.79","321.83","328.94","216.46","-","-21.76%"
"Sep 87","321.83","329.81","332.18","308.56","-","-2.42%"
"Aug 87","329.80","318.62","337.89","314.51","-","3.50%"
"Jul 87","318.66","303.99","318.85","302.53","-","4.82%"
"Jun 87","304.00","290.12","310.27","286.93","-","4.79%"
"May 87","290.10","286.99","298.69","277.01","-","0.60%"
"Apr 87","288.36","291.59","303.65","275.67","-","-1.15%"
"Mar 87","291.70","284.17","302.72","282.30","-","2.64%"
"Feb 87","284.20","274.08","287.55","273.16","-","3.69%"
"Jan 87","274.08","242.17","280.96","242.17","-","13.18%"
"Dec 86","242.17","249.22","254.87","241.28","-","-2.83%"
"Nov 86","249.22","243.97","249.22","235.51","-","2.15%"
"Oct 86","243.98","231.32","244.51","231.32","-","5.47%"
"Sep 86","231.32","252.93","254.13","228.08","-","-8.54%"
"Aug 86","252.93","236.12","254.24","231.92","-","7.12%"
"Jul 86","236.12","250.67","253.20","233.07","-","-5.87%"
"Jun 86","250.84","246.04","251.81","238.23","-","1.41%"
"May 86","247.35","235.52","249.19","232.26","-","5.02%"
"Apr 86","235.52","238.90","245.47","226.30","-","-1.41%"
"Mar 86","238.90","226.92","240.11","222.18","-","5.28%"
"Feb 86","226.92","211.78","227.92","210.82","-","7.15%"
"Jan 86","211.78","211.28","214.57","202.60","-","0.24%"
"Dec 85","211.28","202.17","213.08","200.10","-","4.51%"
"Nov 85","202.17","189.82","203.40","189.37","-","6.51%"
"Oct 85","189.82","182.06","190.15","181.16","-","4.25%"
"Sep 85","182.08","188.63","188.80","179.45","-","-3.47%"
"Aug 85","188.63","190.92","192.17","186.10","-","-1.20%"
"Jul 85","190.92","191.85","196.07","189.30","-","-0.48%"
"Jun 85","191.85","189.55","191.85","185.03","-","1.21%"
"May 85","189.55","179.83","189.98","178.35","-","5.41%"
"Apr 85","179.83","180.66","183.61","177.86","-","-0.46%"
"Mar 85","180.66","181.18","183.89","176.53","-","-0.29%"
"Feb 85","181.18","179.63","183.95","177.75","-","0.86%"
"Jan 85","179.63","167.20","180.27","163.36","-","7.41%"
"Dec 84","167.24","163.58","169.03","161.54","-","2.24%"
"Nov 84","163.58","166.09","170.41","162.99","-","-1.51%"
"Oct 84","166.09","166.10","169.62","160.02","-","-0.01%"
"Sep 84","166.10","166.68","169.65","163.06","-","-0.35%"
"Aug 84","166.68","150.66","168.80","150.66","-","10.63%"
"Jul 84","150.66","153.16","153.87","147.26","-","-1.65%"
"Jun 84","153.18","150.55","155.64","148.53","-","1.75%"
"May 84","150.55","160.05","162.11","148.68","-","-5.94%"
"Apr 84","160.05","159.18","160.69","154.12","-","0.55%"
"Mar 84","159.18","157.06","160.46","153.77","-","1.35%"
"Feb 84","157.06","163.41","164.00","152.13","-","-3.89%"
"Jan 84","163.41","164.93","169.54","162.03","-","-0.92%"
"Dec 83","164.93","166.37","166.77","161.58","-","-0.88%"
"Nov 83","166.40","163.55","168.07","161.63","-","1.74%"
"Oct 83","163.55","165.99","172.65","162.86","-","-1.52%"
"Sep 83","166.07","164.40","170.41","163.95","-","1.02%"
"Aug 83","164.40","162.34","165.91","158.50","-","1.13%"
"Jul 83","162.56","168.11","170.72","161.50","-","-3.03%"
"Jun 83","167.64","162.38","171.60","160.80","-","3.23%"
"May 83","162.39","164.41","166.99","160.29","-","-1.24%"
"Apr 83","164.43","152.92","164.43","150.17","-","7.50%"
"Mar 83","152.96","148.07","155.02","148.07","-","3.31%"
"Feb 83","148.06","145.29","150.88","141.90","-","1.90%"
"Jan 83","145.30","140.65","148.36","138.08","-","3.31%"
"Dec 82","140.64","138.56","143.68","134.79","-","1.52%"
"Nov 82","138.53","133.72","144.36","132.89","-","3.60%"
"Oct 82","133.72","120.40","140.40","120.15","-","11.04%"
"Sep 82","120.42","119.52","126.43","117.84","-","0.76%"
"Aug 82","119.51","107.71","120.26","102.20","-","11.60%"
"Jul 82","107.09","109.52","112.39","105.57","-","-2.30%"
"Jun 82","109.61","111.97","112.48","107.01","-","-2.03%"
"May 82","111.88","115.96","119.92","111.66","-","-3.92%"
"Apr 82","116.44","111.96","119.33","111.48","-","4.00%"
"Mar 82","111.96","113.11","114.80","104.46","-","-1.02%"
"Feb 82","113.11","119.81","119.81","110.03","-","-6.05%"
"Jan 82","120.40","122.55","123.72","113.63","-","-1.75%"
"Dec 81","122.55","126.35","127.32","121.04","-","-3.01%"
"Nov 81","126.35","122.35","126.97","119.13","-","3.66%"
"Oct 81","121.89","116.18","123.28","115.00","-","4.91%"
"Sep 81","116.18","122.79","124.58","110.19","-","-5.38%"
"Aug 81","122.79","130.92","135.18","122.29","-","-6.21%"
"Jul 81","130.92","130.01","131.78","125.96","-","-0.22%"
"Jun 81","131.21","132.59","135.67","128.77","-","-1.04%"
"May 81","132.59","132.81","134.92","128.78","-","-0.17%"
"Apr 81","132.81","136.00","137.72","131.58","-","-2.35%"
"Mar 81","136.00","131.27","138.38","128.56","-","3.60%"
"Feb 81","131.27","129.48","132.02","124.66","-","1.33%"
"Jan 81","129.55","135.76","140.32","128.57","-","-4.57%"
"Dec 80","135.76","140.52","140.66","125.32","-","-3.39%"
"Nov 80","140.52","127.47","141.96","127.23","-","10.24%"
"Oct 80","127.47","125.46","135.88","124.66","-","1.60%"
"Sep 80","125.46","122.38","132.17","121.79","-","2.52%"
"Aug 80","122.38","121.67","127.78","119.42","-","0.58%"
"Jul 80","121.67","114.24","123.93","113.54","-","6.50%"
"Jun 80","114.24","111.24","117.98","109.77","-","2.70%"
"May 80","111.24","106.29","112.72","103.50","-","4.66%"
"Apr 80","106.29","102.09","106.79","98.95","-","4.11%"
"Mar 80","102.09","113.66","114.34","94.23","-","-10.18%"
"Feb 80","113.66","114.16","120.22","111.33","-","-0.44%"
"Jan 80","114.16","107.94","117.17","103.26","-","5.76%"
"Dec 79","107.94","106.16","110.33","105.07","-","1.68%"
"Nov 79","106.16","101.82","107.89","99.42","-","4.26%"
"Oct 79","101.82","109.19","112.16","99.06","-","-6.86%"
"Sep 79","109.32","109.32","111.58","105.38","-","0.00%"
"Aug 79","109.32","103.81","109.84","103.14","-","5.31%"
"Jul 79","103.81","102.91","105.17","100.35","-","0.87%"
"Jun 79","102.91","99.08","103.67","98.57","-","3.87%"
"May 79","99.08","101.76","102.57","97.49","-","-2.63%"
"Apr 79","101.76","101.56","103.95","100.14","-","0.17%"
"Mar 79","101.59","96.28","103.31","95.98","-","5.52%"
"Feb 79","96.28","99.93","100.52","95.38","-","-3.65%"
"Jan 79","99.93","96.11","102.59","95.22","-","3.97%"
"Dec 78","96.11","95.01","98.58","92.64","-","1.49%"
"Nov 78","94.70","94.13","97.41","91.77","-","1.66%"
"Oct 78","93.15","102.54","106.23","91.65","-","-9.16%"
"Sep 78","102.54","103.29","108.05","100.66","-","-0.73%"
"Aug 78","103.29","100.68","106.27","99.95","-","2.59%"
"Jul 78","100.68","95.53","101.18","93.59","-","5.39%"
"Jun 78","95.53","97.24","101.84","93.99","-","-1.76%"
"May 78","97.24","96.83","100.32","94.57","-","0.42%"
"Apr 78","96.83","89.20","97.91","88.07","-","8.54%"
"Mar 78","89.21","87.04","91.35","86.45","-","2.49%"
"Feb 78","87.04","89.25","91.32","86.58","-","-2.48%"
"Jan 78","89.25","95.10","95.15","88.02","-","-6.15%"
"Dec 77","95.10","94.83","95.67","91.76","-","0.28%"
"Nov 77","94.83","92.19","97.11","90.01","-","2.70%"
"Oct 77","92.34","96.53","97.27","90.20","-","-4.34%"
"Sep 77","96.53","96.77","98.43","94.44","-","-0.25%"
"Aug 77","96.77","98.85","99.84","95.04","-","-2.10%"
"Jul 77","98.85","100.48","102.57","97.71","-","-1.62%"
"Jun 77","100.48","96.12","101.65","95.89","-","4.54%"
"May 77","96.12","98.44","100.93","95.52","-","-2.36%"
"Apr 77","98.44","98.42","102.07","96.53","-","0.02%"
"Mar 77","98.42","99.82","102.70","97.80","-","-1.40%"
"Feb 77","99.82","102.03","103.32","98.82","-","-2.17%"
"Jan 77","102.03","107.46","107.97","100.91","-","-5.05%"
"Dec 76","107.46","102.10","107.82","101.62","-","5.25%"
"Nov 76","102.10","102.90","103.78","98.18","-","-0.78%"
"Oct 76","102.90","105.24","105.75","99.21","-","-2.22%"
"Sep 76","105.24","102.91","108.72","102.60","-","2.26%"
"Aug 76","102.91","103.44","105.41","100.43","-","-0.51%"
"Jul 76","103.44","104.28","106.78","102.31","-","-0.81%"
"Jun 76","104.28","100.18","105.07","97.97","-","4.09%"
"May 76","100.18","101.64","103.99","98.26","-","-1.44%"
"Apr 76","101.64","102.77","104.63","99.57","-","-1.10%"
"Mar 76","102.77","99.71","104.39","98.23","-","3.07%"
"Feb 76","99.71","100.86","103.07","98.50","-","-1.14%"
"Jan 76","100.86","100.11","101.99","89.81","-","11.83%"
"Dec 75","90.19","91.24","91.90","86.15","-","-1.15%"
"Nov 75","91.24","89.04","92.33","87.63","-","2.47%"
"Oct 75","89.04","83.87","91.75","82.57","-","6.16%"
"Sep 75","83.87","86.88","87.42","81.57","-","-3.46%"
"Aug 75","86.88","88.75","89.04","82.21","-","-2.11%"
"Jul 75","88.75","95.19","96.58","87.68","-","-6.77%"
"Jun 75","95.19","91.32","95.85","89.30","-","4.43%"
"May 75","91.15","87.30","93.51","86.94","-","4.41%"
"Apr 75","87.30","83.36","88.79","79.66","-","4.73%"
"Mar 75","83.36","81.59","87.08","80.08","-","2.17%"
"Feb 75","81.59","76.98","83.56","76.00","-","5.99%"
"Jan 75","76.98","68.65","78.69","68.65","-","12.28%"
"Dec 74","68.56","69.80","69.80","64.13","-","-2.02%"
"Nov 74","69.97","73.90","77.41","66.85","-","-5.32%"
"Oct 74","73.90","63.54","75.90","60.96","-","16.30%"
"Sep 74","63.54","72.15","73.01","62.52","-","-11.93%"
"Aug 74","72.15","79.31","83.53","69.37","-","-9.03%"
"Jul 74","79.31","86.00","86.89","78.96","-","-7.78%"
"Jun 74","86.00","87.28","93.76","85.13","-","-1.47%"
"May 74","87.28","90.31","93.59","85.87","-","-3.36%"
"Apr 74","90.31","93.98","95.42","88.62","-","-3.91%"
"Mar 74","93.98","96.22","101.05","93.44","-","-2.33%"
"Feb 74","96.22","96.57","97.43","89.53","-","-0.36%"
"Jan 74","96.57","97.55","100.94","91.62","-","-1.00%"
"Dec 73","97.55","95.83","99.09","91.05","-","1.66%"
"Nov 73","95.96","108.29","109.20","94.88","-","-11.39%"
"Oct 73","108.29","108.43","112.82","107.08","-","-0.13%"
"Sep 73","108.43","104.25","110.45","102.13","-","4.01%"
"Aug 73","104.25","108.17","108.17","99.74","-","-3.67%"
"Jul 73","108.22","104.10","111.04","100.44","-","3.80%"
"Jun 73","104.26","104.95","109.52","101.45","-","-0.66%"
"May 73","104.95","106.97","112.25","101.36","-","-1.89%"
"Apr 73","106.97","111.52","113.65","105.44","-","-4.08%"
"Mar 73","111.52","111.68","115.61","107.41","-","-0.14%"
"Feb 73","111.68","116.03","118.98","109.80","-","-3.75%"
"Jan 73","116.03","118.06","121.74","114.97","-","-1.71%"
"Dec 72","118.05","116.67","119.79","114.63","-","1.18%"
"Nov 72","116.67","111.58","117.91","111.32","-","4.56%"
"Oct 72","111.58","110.55","112.26","106.27","-","0.93%"
"Sep 72","110.55","111.09","112.12","107.35","-","-0.49%"
"Aug 72","111.09","107.39","113.45","107.06","-","3.45%"
"Jul 72","107.39","107.14","110.27","104.43","-","0.23%"
"Jun 72","107.14","109.53","110.51","105.94","-","-2.18%"
"May 72","109.53","107.67","111.48","103.83","-","1.73%"
"Apr 72","107.67","107.20","111.11","106.18","-","0.44%"
"Mar 72","107.20","106.57","109.75","105.86","-","0.59%"
"Feb 72","106.57","103.94","107.16","103.10","-","2.53%"
"Jan 72","103.94","102.09","105.00","100.87","-","1.81%"
"Dec 71","102.09","93.99","102.21","93.95","-","8.62%"
"Nov 71","93.99","94.23","96.08","89.34","-","-0.25%"
"Oct 71","94.23","98.34","100.96","92.96","-","-4.18%"
"Sep 71","98.34","99.03","102.25","96.97","-","-0.70%"
"Aug 71","99.03","95.58","101.51","92.81","-","3.61%"
"Jul 71","95.58","99.16","101.52","95.08","-","-3.16%"
"Jun 71","98.70","99.63","102.07","96.92","-","-0.93%"
"May 71","99.63","103.95","104.42","98.68","-","-4.16%"
"Apr 71","103.95","100.31","105.60","99.63","-","3.63%"
"Mar 71","100.31","96.75","102.03","96.11","-","3.68%"
"Feb 71","96.75","95.88","99.59","94.92","-","0.91%"
"Jan 71","95.88","92.15","96.49","90.64","-","4.05%"
"Dec 70","92.15","87.20","92.99","86.11","-","5.68%"
"Nov 70","87.20","83.25","87.60","82.23","-","4.74%"
"Oct 70","83.25","84.30","87.75","82.29","-","-1.25%"
"Sep 70","84.30","81.52","84.99","79.95","-","3.41%"
"Aug 70","81.52","78.05","82.47","74.13","-","4.45%"
"Jul 70","78.05","78.07","79.03","70.69","-","7.33%"
"Jun 70","72.72","76.55","79.96","72.25","-","-5.00%"
"May 70","76.55","81.52","82.32","68.61","-","-6.10%"
"Apr 70","81.52","89.63","90.70","79.31","-","-9.05%"
"Mar 70","89.63","89.50","91.07","86.19","-","0.15%"
"Feb 70","89.50","85.02","90.33","84.64","-","5.27%"